Model,ARI,NMI,loss,label_count,n_neighbors,n_components,min_cluster_size,random_state
st1,0.171,0.568,0.1808130081300813,90,3,6,8,42
st2,0.052,0.301,0.20910569105691057,89,12,11,6,42
st3,0.145,0.179,0.17991869918699185,4,8,7,15,42
use,0.112,0.149,0.1643089430894309,4,9,8,13,42
